keyword,level,subject,intent,notes
free test papers singapore primary,,,free,head term
free exam papers singapore primary,,,free,head term
singapore free test papers,,,free,head term
past year exam papers singapore primary,,,past-year,head term
past year papers singapore primary,,,past-year,head term
primary exam papers singapore pdf,,,pdf,head term
primary test papers free download,,,free,head term
top school exam papers singapore,,,top-schools,head term
buy primary school exam papers singapore,,,buy,commercial intent
free test papers with answers singapore,,,answers,answer-key intent
primary 1 test papers free download,p1,,free,
primary 1 exam papers singapore pdf,p1,,pdf,
primary 1 past year papers singapore,p1,,past-year,
primary 1 free exam papers,p1,,free,
primary 1 free test papers singapore,p1,,free,
p1 exam papers singapore,p1,,exam,short
p1 test papers singapore,p1,,test,short
p1 english test papers,p1,English,test,
p1 english exam papers,p1,English,exam,
p1 english exam papers pdf,p1,English,pdf,
p1 english past year papers,p1,English,past-year,
p1 english free test papers,p1,English,free,
p1 english quiz papers,p1,English,quiz,
p1 english practice papers,p1,English,practice,
p1 english papers with answers,p1,English,answers,
p1 english singapore,p1,English,sg-mod,singapore modifier
p1 english free download,p1,English,free,
p1 english test papers 2021,p1,English,test,year
p1 english exam papers 2021,p1,English,exam,year
p1 english past year papers 2021,p1,English,past-year,year
p1 english test papers 2022,p1,English,test,year
p1 english exam papers 2022,p1,English,exam,year
p1 english past year papers 2022,p1,English,past-year,year
p1 english test papers 2023,p1,English,test,year
p1 english exam papers 2023,p1,English,exam,year
p1 english past year papers 2023,p1,English,past-year,year
p1 english test papers 2024,p1,English,test,year
p1 english exam papers 2024,p1,English,exam,year
p1 english past year papers 2024,p1,English,past-year,year
p1 english test papers 2025,p1,English,test,year
p1 english exam papers 2025,p1,English,exam,year
p1 english past year papers 2025,p1,English,past-year,year
p1 maths test papers,p1,Maths,test,
p1 maths exam papers,p1,Maths,exam,
p1 maths exam papers pdf,p1,Maths,pdf,
p1 maths past year papers,p1,Maths,past-year,
p1 maths free test papers,p1,Maths,free,
p1 maths quiz papers,p1,Maths,quiz,
p1 maths practice papers,p1,Maths,practice,
p1 maths papers with answers,p1,Maths,answers,
p1 maths singapore,p1,Maths,sg-mod,singapore modifier
p1 maths free download,p1,Maths,free,
p1 maths test papers 2021,p1,Maths,test,year
p1 maths exam papers 2021,p1,Maths,exam,year
p1 maths past year papers 2021,p1,Maths,past-year,year
p1 maths test papers 2022,p1,Maths,test,year
p1 maths exam papers 2022,p1,Maths,exam,year
p1 maths past year papers 2022,p1,Maths,past-year,year
p1 maths test papers 2023,p1,Maths,test,year
p1 maths exam papers 2023,p1,Maths,exam,year
p1 maths past year papers 2023,p1,Maths,past-year,year
p1 maths test papers 2024,p1,Maths,test,year
p1 maths exam papers 2024,p1,Maths,exam,year
p1 maths past year papers 2024,p1,Maths,past-year,year
p1 maths test papers 2025,p1,Maths,test,year
p1 maths exam papers 2025,p1,Maths,exam,year
p1 maths past year papers 2025,p1,Maths,past-year,year
p1 chinese test papers,p1,Chinese,test,
p1 chinese exam papers,p1,Chinese,exam,
p1 chinese exam papers pdf,p1,Chinese,pdf,
p1 chinese past year papers,p1,Chinese,past-year,
p1 chinese free test papers,p1,Chinese,free,
p1 chinese quiz papers,p1,Chinese,quiz,
p1 chinese practice papers,p1,Chinese,practice,
p1 chinese papers with answers,p1,Chinese,answers,
p1 chinese singapore,p1,Chinese,sg-mod,singapore modifier
p1 chinese free download,p1,Chinese,free,
p1 chinese test papers 2021,p1,Chinese,test,year
p1 chinese exam papers 2021,p1,Chinese,exam,year
p1 chinese past year papers 2021,p1,Chinese,past-year,year
p1 chinese test papers 2022,p1,Chinese,test,year
p1 chinese exam papers 2022,p1,Chinese,exam,year
p1 chinese past year papers 2022,p1,Chinese,past-year,year
p1 chinese test papers 2023,p1,Chinese,test,year
p1 chinese exam papers 2023,p1,Chinese,exam,year
p1 chinese past year papers 2023,p1,Chinese,past-year,year
p1 chinese test papers 2024,p1,Chinese,test,year
p1 chinese exam papers 2024,p1,Chinese,exam,year
p1 chinese past year papers 2024,p1,Chinese,past-year,year
p1 chinese test papers 2025,p1,Chinese,test,year
p1 chinese exam papers 2025,p1,Chinese,exam,year
p1 chinese past year papers 2025,p1,Chinese,past-year,year
primary 2 test papers free download,p2,,free,
primary 2 exam papers singapore pdf,p2,,pdf,
primary 2 past year papers singapore,p2,,past-year,
primary 2 free exam papers,p2,,free,
primary 2 free test papers singapore,p2,,free,
p2 exam papers singapore,p2,,exam,short
p2 test papers singapore,p2,,test,short
p2 english test papers,p2,English,test,
p2 english exam papers,p2,English,exam,
p2 english exam papers pdf,p2,English,pdf,
p2 english past year papers,p2,English,past-year,
p2 english free test papers,p2,English,free,
p2 english quiz papers,p2,English,quiz,
p2 english practice papers,p2,English,practice,
p2 english papers with answers,p2,English,answers,
p2 english singapore,p2,English,sg-mod,singapore modifier
p2 english free download,p2,English,free,
p2 english test papers 2021,p2,English,test,year
p2 english exam papers 2021,p2,English,exam,year
p2 english past year papers 2021,p2,English,past-year,year
p2 english test papers 2022,p2,English,test,year
p2 english exam papers 2022,p2,English,exam,year
p2 english past year papers 2022,p2,English,past-year,year
p2 english test papers 2023,p2,English,test,year
p2 english exam papers 2023,p2,English,exam,year
p2 english past year papers 2023,p2,English,past-year,year
p2 english test papers 2024,p2,English,test,year
p2 english exam papers 2024,p2,English,exam,year
p2 english past year papers 2024,p2,English,past-year,year
p2 english test papers 2025,p2,English,test,year
p2 english exam papers 2025,p2,English,exam,year
p2 english past year papers 2025,p2,English,past-year,year
p2 maths test papers,p2,Maths,test,
p2 maths exam papers,p2,Maths,exam,
p2 maths exam papers pdf,p2,Maths,pdf,
p2 maths past year papers,p2,Maths,past-year,
p2 maths free test papers,p2,Maths,free,
p2 maths quiz papers,p2,Maths,quiz,
p2 maths practice papers,p2,Maths,practice,
p2 maths papers with answers,p2,Maths,answers,
p2 maths singapore,p2,Maths,sg-mod,singapore modifier
p2 maths free download,p2,Maths,free,
p2 maths test papers 2021,p2,Maths,test,year
p2 maths exam papers 2021,p2,Maths,exam,year
p2 maths past year papers 2021,p2,Maths,past-year,year
p2 maths test papers 2022,p2,Maths,test,year
p2 maths exam papers 2022,p2,Maths,exam,year
p2 maths past year papers 2022,p2,Maths,past-year,year
p2 maths test papers 2023,p2,Maths,test,year
p2 maths exam papers 2023,p2,Maths,exam,year
p2 maths past year papers 2023,p2,Maths,past-year,year
p2 maths test papers 2024,p2,Maths,test,year
p2 maths exam papers 2024,p2,Maths,exam,year
p2 maths past year papers 2024,p2,Maths,past-year,year
p2 maths test papers 2025,p2,Maths,test,year
p2 maths exam papers 2025,p2,Maths,exam,year
p2 maths past year papers 2025,p2,Maths,past-year,year
p2 chinese test papers,p2,Chinese,test,
p2 chinese exam papers,p2,Chinese,exam,
p2 chinese exam papers pdf,p2,Chinese,pdf,
p2 chinese past year papers,p2,Chinese,past-year,
p2 chinese free test papers,p2,Chinese,free,
p2 chinese quiz papers,p2,Chinese,quiz,
p2 chinese practice papers,p2,Chinese,practice,
p2 chinese papers with answers,p2,Chinese,answers,
p2 chinese singapore,p2,Chinese,sg-mod,singapore modifier
p2 chinese free download,p2,Chinese,free,
p2 chinese test papers 2021,p2,Chinese,test,year
p2 chinese exam papers 2021,p2,Chinese,exam,year
p2 chinese past year papers 2021,p2,Chinese,past-year,year
p2 chinese test papers 2022,p2,Chinese,test,year
p2 chinese exam papers 2022,p2,Chinese,exam,year
p2 chinese past year papers 2022,p2,Chinese,past-year,year
p2 chinese test papers 2023,p2,Chinese,test,year
p2 chinese exam papers 2023,p2,Chinese,exam,year
p2 chinese past year papers 2023,p2,Chinese,past-year,year
p2 chinese test papers 2024,p2,Chinese,test,year
p2 chinese exam papers 2024,p2,Chinese,exam,year
p2 chinese past year papers 2024,p2,Chinese,past-year,year
p2 chinese test papers 2025,p2,Chinese,test,year
p2 chinese exam papers 2025,p2,Chinese,exam,year
p2 chinese past year papers 2025,p2,Chinese,past-year,year
kiasu parents exam papers primary,,,ugc,UGC dominated SERP
where to get past year exam papers singapore,,,ugc,FAQ intent
are top school papers useful for neighborhood schools,,,ugc,FAQ intent
how to use test papers effectively,,,ugc,FAQ intent
print past year exam papers singapore,,,print,print intent
softcopy exam papers singapore,,,pdf,format intent
free printable test papers singapore,,,print,print intent
sg primary exam papers,,,exam,short
sg primary test papers,,,test,short
sg exam papers primary 1,p1,,exam,competitor style
sg exam papers primary 2,p2,,exam,competitor style
