keyword	search_volume	cpc	competition	rank	url	title
math tuition sg	40500	6.85	LOW	3	https://smiletutor.sg/maths-tuition/	Looking for Maths Tuition in Singapore? - SmileTutor
math tuition singapore	40500	6.85	LOW	4	https://smiletutor.sg/maths-tuition/	Looking for Maths Tuition in Singapore? - SmileTutor
maths tuition sg	40500	6.85	LOW	4	https://smiletutor.sg/maths-tuition/	Looking for Maths Tuition in Singapore? - SmileTutor
singapore maths tuition	40500	6.85	LOW	2	https://smiletutor.sg/maths-tuition/	Looking for Maths Tuition in Singapore? - SmileTutor
tuition maths singapore	40500	6.85	LOW	5	https://smiletutor.sg/maths-tuition/	Maths Tuition Singapore | Primary, Secondary, JC ...
math tuitions	22200	9.51	LOW	6	https://smiletutor.sg/maths-tuition/	Maths Tuition Singapore | Primary, Secondary, JC ...
mathematics tuition	22200	9.51	LOW	1	https://smiletutor.sg/maths-tuition/	Maths Tuition Singapore | Primary, Secondary, JC ...
tuition for math	22200	9.51	LOW	1	https://smiletutor.sg/maths-tuition/	Maths Tuition Singapore | Primary, Secondary, JC ...
tuition for mathematics	22200	9.51	LOW	2	https://smiletutor.sg/maths-tuition/	Maths Tuition Singapore | Primary, Secondary, JC ...
tuition for maths	22200	9.51	LOW	1	https://smiletutor.sg/maths-tuition/	Maths Tuition Singapore | Primary, Secondary, JC ...
tuition in mathematics	22200	9.51	LOW	1	https://smiletutor.sg/maths-tuition/	Maths Tuition Singapore | Primary, Secondary, JC ...
tuition math	22200	9.51	LOW	2	https://smiletutor.sg/maths-tuition/	Maths Tuition Singapore | Primary, Secondary, JC ...
tuition mathematics	22200	9.51	LOW	3	https://smiletutor.sg/maths-tuition/	Maths Tuition Singapore | Primary, Secondary, JC ...
tuition	18100	6.85	LOW	1	https://smiletutor.sg/	SmileTutor: #1 Trusted Home Tuition Agency in Singapore
free exam test papers	9900	4.33	LOW	5	https://smiletutor.sg/free-test-papers-download/primary-school-exam-papers/	Download Primary School Exam Papers Free
free test paper	9900	4.33	LOW	5	https://smiletutor.sg/free-test-papers-download/secondary-school-exam-papers/	Free Secondary Exam Papers and School Test ...
free test papers	9900	4.33	LOW	6	https://smiletutor.sg/free-test-papers-download/secondary-school-exam-papers/	Free Secondary Exam Papers and School Test ...
psle	6600	2.82	LOW	4	https://smiletutor.sg/psle/	All About Primary School Leaving Examinations (PSLE)
psle al score	6600	0.52	LOW	4	https://smiletutor.sg/psle/new-scoring-system/	PSLE New Scoring System & Achievement Levels (AL)
sg tuition	6600	7.96	LOW	2	https://smiletutor.sg/	SmileTutor: #1 Trusted Home Tuition Agency in Singapore
singapore tuition	6600	7.96	LOW	1	https://smiletutor.sg/	SmileTutor: #1 Trusted Home Tuition Agency in Singapore
tuition sg	6600	7.96	LOW	1	https://smiletutor.sg/	SmileTutor: #1 Trusted Home Tuition Agency in Singapore
tuition singapore	6600	7.96	LOW	1	https://smiletutor.sg/	SmileTutor: #1 Trusted Home Tuition Agency in Singapore
tuitions in singapore	6600	7.96	LOW	1	https://smiletutor.sg/	SmileTutor: #1 Trusted Home Tuition Agency in Singapore
and maths tutor	3600	12.63	MEDIUM	2	https://smiletutor.sg/maths-tuition/	Maths Tuition Singapore | Primary, Secondary, JC ...
math and tutor	3600	12.63	MEDIUM	1	https://smiletutor.sg/maths-tuition/	Maths Tuition Singapore | Primary, Secondary, JC ...
math tutor	3600	12.63	MEDIUM	2	https://smiletutor.sg/maths-tuition/	Maths Tuition Singapore | Primary, Secondary, JC ...
mathematics tutor	3600	12.63	MEDIUM	1	https://smiletutor.sg/maths-tuition/	Maths Tuition Singapore | Primary, Secondary, JC ...
mathematics tutoring	3600	12.63	MEDIUM	1	https://smiletutor.sg/maths-tuition/	Maths Tuition Singapore | Primary, Secondary, JC ...
maths and tutor	3600	12.63	MEDIUM	1	https://smiletutor.sg/maths-tuition/	Maths Tuition Singapore | Primary, Secondary, JC ...
maths tutors	3600	12.63	MEDIUM	1	https://smiletutor.sg/maths-tuition/	Maths Tuition Singapore | Primary, Secondary, JC ...
tutor for mathematics	3600	12.63	MEDIUM	2	https://smiletutor.sg/maths-tuition/	Maths Tuition Singapore | Primary, Secondary, JC ...
tutor in math	3600	12.63	MEDIUM	2	https://smiletutor.sg/maths-tuition/	Maths Tuition Singapore | Primary, Secondary, JC ...
tutor in mathematics	3600	12.63	MEDIUM	1	https://smiletutor.sg/maths-tuition/	Maths Tuition Singapore | Primary, Secondary, JC ...
tutoring mathematics	3600	12.63	MEDIUM	1	https://smiletutor.sg/maths-tuition/	Maths Tuition Singapore | Primary, Secondary, JC ...
al score psle	2900		LOW	5	https://smiletutor.sg/psle/new-scoring-system/al-calculator/	PSLE T-Score Calculator
p3 science notes	2900	0.93	HIGH	3	https://smiletutor.sg/wp-content/uploads/2020/11/Science-Revision-Notes.pdf	PSLE Science Revision Notes
tuition centre	2900	6	LOW	5	https://smiletutor.sg/top-10-psle-tuition-centres-in-singapore-that-parents-trust-most/	Top 10 PSLE Tuition Centres in Singapore That Parents ...
exam paper singapore	2400	2.78	LOW	6	https://smiletutor.sg/free-test-papers-download/secondary-school-exam-papers/	Free Secondary Exam Papers and School Test ...
free exam papers	2400	5.2	LOW	6	https://smiletutor.sg/free-test-papers-download/primary-school-exam-papers/	Download Primary School Exam Papers Free
math tutor singapore	2400	12.25	LOW	3	https://smiletutor.sg/maths-tuition/	Maths Tuition Singapore | Primary, Secondary, JC ...
maths tutor singapore	2400	12.25	LOW	1	https://smiletutor.sg/maths-tuition/	Maths Tuition Singapore | Primary, Secondary, JC ...
singapore math tutor	2400	12.25	LOW	4	https://smiletutor.sg/maths-tuition/	Maths Tuition Singapore | Primary, Secondary, JC ...
singapore singing class	2400	2.74	HIGH	5	https://smiletutor.sg/where-to-get-singing-lessons-in-singapore/	Where to Get Singing Lessons in Singapore
singapore singing lessons	2400	2.74	HIGH	4	https://smiletutor.sg/where-to-get-singing-lessons-in-singapore/	Where to Get Singing Lessons in Singapore
singapore tuition centers	2400	7.94	HIGH	3	https://smiletutor.sg/top-10-psle-tuition-centres-in-singapore-that-parents-trust-most/	Top 10 PSLE Tuition Centres in Singapore That Parents ...
singapore tuition centres	2400	7.94	HIGH	1	https://smiletutor.sg/top-10-psle-tuition-centres-in-singapore-that-parents-trust-most/	Top 10 PSLE Tuition Centres in Singapore That Parents ...
singing class singapore	2400	2.74	HIGH	5	https://smiletutor.sg/where-to-get-singing-lessons-in-singapore/	Where to Get Singing Lessons in Singapore
singing classes singapore	2400	2.74	HIGH	5	https://smiletutor.sg/where-to-get-singing-lessons-in-singapore/	Where to Get Singing Lessons in Singapore
singing lesson singapore	2400	2.74	HIGH	4	https://smiletutor.sg/where-to-get-singing-lessons-in-singapore/	Where to Get Singing Lessons in Singapore
singing lessons in singapore	2400	2.74	HIGH	4	https://smiletutor.sg/where-to-get-singing-lessons-in-singapore/	Where to Get Singing Lessons in Singapore
singing lessons singapore	2400	2.74	HIGH	5	https://smiletutor.sg/where-to-get-singing-lessons-in-singapore/	Where to Get Singing Lessons in Singapore
test paper singapore	2400	2.78	LOW	5	https://smiletutor.sg/free-test-papers-download/secondary-school-exam-papers/	Free Secondary Exam Papers and School Test ...
tuition centre singapore	2400	7.94	HIGH	4	https://smiletutor.sg/top-10-psle-tuition-centres-in-singapore-that-parents-trust-most/	Top 10 PSLE Tuition Centres in Singapore That Parents ...
tuition centres sg	2400	7.94	HIGH	5	https://smiletutor.sg/	SmileTutor: #1 Trusted Home Tuition Agency in Singapore
vocal class singapore	2400	2.74	HIGH	5	https://smiletutor.sg/where-to-get-singing-lessons-in-singapore/	Where to Get Singing Lessons in Singapore
vocal classes singapore	2400	2.74	HIGH	4	https://smiletutor.sg/where-to-get-singing-lessons-in-singapore/	Where to Get Singing Lessons in Singapore
vocal teachers singapore	2400	2.74	HIGH	3	https://smiletutor.sg/where-to-get-singing-lessons-in-singapore/	Where to Get Singing Lessons in Singapore
vocal training singapore	2400	2.74	HIGH	5	https://smiletutor.sg/where-to-get-singing-lessons-in-singapore/	Where to Get Singing Lessons in Singapore
good math tuition	1900	5.93	LOW	6	https://smiletutor.sg/maths-tuition/	Maths Tuition Singapore | Primary, Secondary, JC ...
maths tuition near me	1900	6.6	LOW	4	https://smiletutor.sg/maths-tuition/	Looking for Maths Tuition in Singapore? - SmileTutor
smiletutor	1900	2.33	MEDIUM	1	https://smiletutor.sg/	SmileTutor: #1 Trusted Home Tuition Agency in Singapore
tutor	1900	7	LOW	1	https://smiletutor.sg/	SmileTutor: #1 Trusted Home Tuition Agency in Singapore
tutoring	1900	7	LOW	1	https://smiletutor.sg/	SmileTutor: #1 Trusted Home Tuition Agency in Singapore
free exam paper singapore	1600	5.53	LOW	6	https://smiletutor.sg/free-test-papers-download/secondary-school-exam-papers/	Free Secondary Exam Papers and School Test ...
free singapore test papers	1600	5.53	LOW	5	https://smiletutor.sg/free-test-papers-download/secondary-school-exam-papers/	Free Secondary Exam Papers and School Test ...
mathematics tuition online	1600	12.17	LOW	6	https://smiletutor.sg/maths-tuition/	Maths Tuition Singapore | Primary, Secondary, JC ...
past year exam papers	1600	4.68	MEDIUM	4	https://smiletutor.sg/free-test-papers-download/	Download Free Exam Papers and School Test ...
singapore free test paper	1600	5.53	LOW	5	https://smiletutor.sg/free-test-papers-download/secondary-school-exam-papers/	Free Secondary Exam Papers and School Test ...
singapore test paper	1600	3.6	LOW	5	https://smiletutor.sg/free-test-papers-download/secondary-school-exam-papers/	Free Secondary Exam Papers and School Test ...
english tuition	1300	7.53	MEDIUM	3	https://smiletutor.sg/english-tuition/	English Tuition Singapore | Pri/Sec/IB Private English Tutor
english tuition for secondary	1300	6.86	MEDIUM	4	https://smiletutor.sg/top-12-secondary-english-tuition-centres-in-singapore-that-boost-confidence-and-exam-scores/	Top 12 Secondary English Tuition Centres in Singapore ...
english tuition in singapore	1300	8.19	MEDIUM	2	https://smiletutor.sg/english-tuition/	English Tuition Singapore | Pri/Sec/IB Private English Tutor
english tuition secondary	1300	6.86	MEDIUM	6	https://smiletutor.sg/top-12-secondary-english-tuition-centres-in-singapore-that-boost-confidence-and-exam-scores/	Top 12 Secondary English Tuition Centres in Singapore ...
english tuition singapore	1300	8.19	MEDIUM	3	https://smiletutor.sg/english-tuition/	English Tuition Singapore | Pri/Sec/IB Private English Tutor
examination paper	1300	3.8	MEDIUM	3	https://smiletutor.sg/free-test-papers-download/	Download Free Exam Papers and School Test ...
math tuition agency	1300	2.12	LOW	1	https://smiletutor.sg/maths-tuition/	Maths Tuition Singapore | Primary, Secondary, JC ...
maths tuition agency	1300	2.12	LOW	1	https://smiletutor.sg/maths-tuition/	Maths Tuition Singapore | Primary, Secondary, JC ...
tuition english	1300	7.53	MEDIUM	2	https://smiletutor.sg/english-tuition/	English Tuition Singapore | Pri/Sec/IB Private English Tutor
tuition near me	1300	4.34	MEDIUM	1	https://smiletutor.sg/	SmileTutor: #1 Trusted Home Tuition Agency in Singapore
assignments	1000		LOW	4	https://smiletutor.sg/tuition-assignments/	Tuition Assignments in Singapore | Apply For Tuition Jobs
piano class singapore	1000	4.06	HIGH	4	https://smiletutor.sg/best-piano-lessons-in-singapore-top-10-classes-for-kids-teens-adults/	Best Piano Lessons in Singapore: Top 10 Classes for Kids ...
piano lesson sg	1000	4.06	HIGH	5	https://smiletutor.sg/best-piano-lessons-in-singapore-top-10-classes-for-kids-teens-adults/	Best Piano Lessons in Singapore: Top 10 Classes for Kids ...
tuition agencies	1000	5.79	LOW	1	https://smiletutor.sg/	SmileTutor: #1 Trusted Home Tuition Agency in Singapore
tuition agency	1000	5.79	LOW	1	https://smiletutor.sg/	SmileTutor: #1 Trusted Home Tuition Agency in Singapore
a math tutor	880	10.66	LOW	6	https://smiletutor.sg/maths-tuition/	Maths Tuition Singapore | Primary, Secondary, JC ...
a-math tutor	880	10.66	LOW	6	https://smiletutor.sg/maths-tuition/	Maths Tuition Singapore | Primary, Secondary, JC ...
argumentative essays	880	3.4	LOW	5	https://smiletutor.sg/top-tips-for-writing-an-argumentative-essay/	Top Tips for Writing an Argumentative Essay
best math tutoring	880	5.71	LOW	6	https://smiletutor.sg/maths-tuition/	Maths Tuition Singapore | Primary, Secondary, JC ...
best math tutors	880	5.71	LOW	4	https://smiletutor.sg/10-best-e-math-tuition-in-singapore-guide/	10 Best E Math Tuition in Singapore (2026 Guide)
best maths tutor	880	5.71	LOW	2	https://smiletutor.sg/10-best-e-math-tuition-in-singapore-guide/	10 Best E Math Tuition in Singapore (2026 Guide)
best maths tutors	880	5.71	LOW	3	https://smiletutor.sg/10-best-e-math-tuition-in-singapore-guide/	10 Best E Math Tuition in Singapore (2026 Guide)
cut off point 2025	880	0.96	LOW	6	https://smiletutor.sg/cut-off-points-for-secondary-schools-2025-what-my-child-should-aim-for-their-psle-results-this-year/	What My Child Should Aim For Their PSLE Results This Year!
examination material	880		LOW	2	https://smiletutor.sg/free-test-papers-download/	Download Free Exam Papers and School Test ...
good math tutors	880	5.71	LOW	1	https://smiletutor.sg/maths-tuition/	Maths Tuition Singapore | Primary, Secondary, JC ...
good maths tutor	880	5.71	LOW	3	https://smiletutor.sg/maths-tuition/	Maths Tuition Singapore | Primary, Secondary, JC ...
guitar lessons in singapore	880	4.28	MEDIUM	6	https://smiletutor.sg/top-8-guitar-classes-in-singapore-for-kids-teens-and-adults/	Top 8 Guitar Classes in Singapore: For Kids, Teens, and ...
guitar lessons sg	880	4.28	MEDIUM	5	https://smiletutor.sg/top-8-guitar-classes-in-singapore-for-kids-teens-and-adults/	Top 8 Guitar Classes in Singapore: For Kids, Teens, and ...
guitar teachers singapore	880	4.28	MEDIUM	6	https://smiletutor.sg/top-8-guitar-classes-in-singapore-for-kids-teens-and-adults/	Top 8 Guitar Classes in Singapore: For Kids, Teens, and ...
math tutor near me	880	8.21	LOW	1	https://smiletutor.sg/maths-tuition/	Maths Tuition Singapore | Primary, Secondary, JC ...
math tutoring near me	880	8.21	LOW	1	https://smiletutor.sg/maths-tuition/	Maths Tuition Singapore | Primary, Secondary, JC ...
mathematics tutor near me	880	8.21	LOW	1	https://smiletutor.sg/maths-tuition/	Maths Tuition Singapore | Primary, Secondary, JC ...
mathematics tutoring near me	880	8.21	LOW	1	https://smiletutor.sg/maths-tuition/	Maths Tuition Singapore | Primary, Secondary, JC ...
mathematics tutors near me	880	8.21	LOW	1	https://smiletutor.sg/maths-tuition/	Maths Tuition Singapore | Primary, Secondary, JC ...
maths tutor near me	880	8.21	LOW	1	https://smiletutor.sg/maths-tuition/	Maths Tuition Singapore | Primary, Secondary, JC ...
maths tutoring near me	880	8.21	LOW	1	https://smiletutor.sg/maths-tuition/	Maths Tuition Singapore | Primary, Secondary, JC ...
maths tutors near me	880	8.21	LOW	1	https://smiletutor.sg/maths-tuition/	Maths Tuition Singapore | Primary, Secondary, JC ...
o level math tuition	880	17.51	LOW	4	https://smiletutor.sg/top-10-o-level-math-tuition-centres-in-singapore-edition/	Top 10 O-Level Math Tuition Centres in Singapore (2026 ...
p4 math exam paper	880	3.33	MEDIUM	4	https://smiletutor.sg/wp-content/uploads/2024/01/P4_Math_2022.pdf	primary 4 math test papers
p5 math exam papers	880	2.32	MEDIUM	5	https://smiletutor.sg/wp-content/uploads/2024/01/P5_Math_2022.pdf	P5 Math Test Papers 2022 - Singapore
parents tip	880	1.46	HIGH	4	https://smiletutor.sg/5-positive-parenting-tips-for-new-parents/	5 Positive Parenting Tips for New Parents
parents tips	880	1.46	HIGH	6	https://smiletutor.sg/5-positive-parenting-tips-for-new-parents/	5 Positive Parenting Tips for New Parents
sec 1 math paper	880	3.43	LOW	3	https://smiletutor.sg/wp-content/uploads/2019/02/Sec1_Math_2017.pdf	Sec 1 Express
tuition assignment	880	0.79	LOW	1	https://smiletutor.sg/tuition-assignments/	Tuition Assignments in Singapore | Apply For Tuition Jobs
tuition assignments	880	0.79	LOW	3	https://smiletutor.sg/tuition-assignments/	Tuition Assignments in Singapore | Apply For Tuition Jobs
tuition for science	880	9.61	MEDIUM	4	https://smiletutor.sg/science-tuition/	Science Tuition Singapore | Physics, Chem, Bio ...
tutor for math near me	880	8.21	LOW	4	https://smiletutor.sg/	SmileTutor: #1 Trusted Home Tuition Agency in Singapore
tutor for maths near me	880	8.21	LOW	2	https://smiletutor.sg/maths-tuition/	Maths Tuition Singapore | Primary, Secondary, JC ...
tutor near me math	880	8.21	LOW	2	https://smiletutor.sg/maths-tuition/	Maths Tuition Singapore | Primary, Secondary, JC ...
tutoring for math near me	880	8.21	LOW	2	https://smiletutor.sg/maths-tuition/	Maths Tuition Singapore | Primary, Secondary, JC ...
tutors for math near me	880	8.21	LOW	2	https://smiletutor.sg/maths-tuition/	Maths Tuition Singapore | Primary, Secondary, JC ...
tutors for maths near me	880	8.21	LOW	1	https://smiletutor.sg/maths-tuition/	Maths Tuition Singapore | Primary, Secondary, JC ...
tutors near me math	880	8.21	LOW	2	https://smiletutor.sg/maths-tuition/	Maths Tuition Singapore | Primary, Secondary, JC ...
a levels chemistry tuition	720	5.63	LOW	6	https://smiletutor.sg/chemistry-tuition/	Chemistry Tuition - Singapore
a maths	720	4.38	LOW	6	https://smiletutor.sg/all-you-need-to-know-about-o-level-additional-maths-a-maths/	You Need to Know About O-Level Additional Maths (A Maths)
best math tuition centre in singapore	720	12.39	LOW	4	https://smiletutor.sg/top-10-o-level-math-tuition-centres-in-singapore-edition/	Top 10 O-Level Math Tuition Centres in Singapore (2026 ...
best math tuition singapore	720	12.39	LOW	6	https://smiletutor.sg/10-best-e-math-tuition-in-singapore-guide/	10 Best E Math Tuition in Singapore (2026 Guide)
best maths tuition in singapore	720	12.39	LOW	5	https://smiletutor.sg/10-best-e-math-tuition-in-singapore-guide/	10 Best E Math Tuition in Singapore (2026 Guide)
best maths tuition singapore	720	12.39	LOW	5	https://smiletutor.sg/10-best-e-math-tuition-in-singapore-guide/	10 Best E Math Tuition in Singapore (2026 Guide)
math tuition centres	720	7.01	LOW	3	https://smiletutor.sg/top-10-o-level-math-tuition-centres-in-singapore-edition/	Top 10 O-Level Math Tuition Centres in Singapore (2026 ...
p3 math exam paper	720	2.95	MEDIUM	3	https://smiletutor.sg/wp-content/uploads/2023/10/P3_Math_2022.pdf	P3 Math Test Papers 2022 - Singapore
p3 maths exam papers	720	2.95	MEDIUM	4	https://smiletutor.sg/wp-content/uploads/2023/10/P3_Math_2022.pdf	P3 Math Test Papers 2022 - Singapore
p3 maths test paper	720	2.95	MEDIUM	4	https://smiletutor.sg/wp-content/uploads/2023/10/P3_Math_2022.pdf	P3 Math Test Papers 2022 - Singapore
p6 math paper	720	4.05	LOW	5	https://smiletutor.sg/wp-content/uploads/2024/01/P6_Math_2022.pdf	P6 Math Test Papers 2022
past year paper	720	4.66	LOW	4	https://smiletutor.sg/free-test-papers-download/	Download Free Exam Papers and School Test ...
past year papers	720	4.66	LOW	6	https://smiletutor.sg/free-test-papers-download/	Download Free Exam Papers and School Test ...
piano instructor near me	720	4.5	HIGH	5	https://smiletutor.sg/best-piano-lessons-in-singapore-top-10-classes-for-kids-teens-adults/	Best Piano Lessons in Singapore: Top 10 Classes for Kids ...
psle maths tuition singapore	720		LOW	5	https://smiletutor.sg/top-10-psle-tuition-centres-in-singapore-that-parents-trust-most/	Top 10 PSLE Tuition Centres in Singapore That Parents ...
singapore tutor jobs	720	1.23	HIGH	4	https://smiletutor.sg/register-as-tutor/	Register for 100+ Tuition Assignments Daily
singapore tutoring jobs	720	1.23	HIGH	4	https://smiletutor.sg/register-as-tutor/	Register for 100+ Tuition Assignments Daily
tutor jobs singapore	720	1.23	HIGH	4	https://smiletutor.sg/register-as-tutor/	Register for 100+ Tuition Assignments Daily
tutoring jobs singapore	720	1.23	HIGH	5	https://smiletutor.sg/register-as-tutor/	Register for 100+ Tuition Assignments Daily
best poly in singapore	590	1.43	LOW	5	https://smiletutor.sg/polytechnics-in-singapore-overview-courses-admissions/	Polytechnics in Singapore: Overview, Courses, Admissions
best tuition centre in singapore	590	5.92	MEDIUM	4	https://smiletutor.sg/top-10-psle-tuition-centres-in-singapore-that-parents-trust-most/	Top 10 PSLE Tuition Centres in Singapore That Parents ...
best tuition centre singapore	590	5.92	MEDIUM	1	https://smiletutor.sg/top-10-psle-tuition-centres-in-singapore-that-parents-trust-most/	Top 10 PSLE Tuition Centres in Singapore That Parents ...
cramming	590		LOW	3	https://smiletutor.sg/the-cramming-myth-debunking-the-secrets-to-effective-last-minute-studying/	Debunking the Secrets to Effective Last-Minute Studying!
economic tuition	590	4.83	MEDIUM	3	https://smiletutor.sg/top-8-jc-economics-tuition-classes-in-singapore-2025-edition/	Top 8 JC Economics Tuition Classes in Singapore
economics tuition	590	4.83	MEDIUM	3	https://smiletutor.sg/top-10-economics-tuition-options-in-singapore/	Top 10 Economics Tuition Options in Singapore
english o level tuition	590	5.8	LOW	1	https://smiletutor.sg/top-10-o-level-english-tuition-centres-in-singapore-that-consistently-deliver-a1-results/	Top 10 O-Level English Tuition Centres in Singapore That ...
english tuition primary	590	12.42	LOW	5	https://smiletutor.sg/top-10-primary-english-tuition-centres-in-singapore-that-build-a-strong-language-foundation/	Top 10 Primary English Tuition Centres in Singapore That ...
free test papers secondary 1	590	3.16	MEDIUM	5	https://smiletutor.sg/free-test-papers-download/secondary-school-exam-papers/	Free Secondary Exam Papers and School Test ...
gift for a graduation	590	1.14	HIGH	6	https://smiletutor.sg/personalised-graduation-gifts-that-theyll-remember-forever/	Personalised Graduation Gifts That They'll Remember ...
good tuition centre in singapore	590	5.92	MEDIUM	1	https://smiletutor.sg/top-10-psle-tuition-centres-in-singapore-that-parents-trust-most/	Top 10 PSLE Tuition Centres in Singapore That Parents ...
good tuition centre singapore	590	5.92	MEDIUM	2	https://smiletutor.sg/top-10-psle-tuition-centres-in-singapore-that-parents-trust-most/	Top 10 PSLE Tuition Centres in Singapore That Parents ...
learning application	590	7.56	LOW	3	https://smiletutor.sg/top-10-educational-apps-for-singaporean-kids-making-learning-fun-at-home/	Top 10 Educational Apps for Singaporean Kids
music lessons	590	3.73	LOW	6	https://smiletutor.sg/top-rated-music-lessons-in-singapore-for-every-age-skill-level/	Top-Rated Music Lessons in Singapore for Every Age & ...
o level english tuition	590	5.8	LOW	1	https://smiletutor.sg/top-10-o-level-english-tuition-centres-in-singapore-that-consistently-deliver-a1-results/	Top 10 O-Level English Tuition Centres in Singapore That ...
o level physics tuition	590	10.38	LOW	4	https://smiletutor.sg/physics-tuition/	Physics Tuition Singapore | O Level, IP, JC & A Level Tutors
o level physics tuition singapore	590	10.38	LOW	5	https://smiletutor.sg/physics-tuition/	Physics Tuition Singapore | O Level, IP, JC & A Level Tutors
o'level english tuition	590	5.8	LOW	1	https://smiletutor.sg/top-10-o-level-english-tuition-centres-in-singapore-that-consistently-deliver-a1-results/	Top 10 O-Level English Tuition Centres in Singapore That ...
o-level english tuition	590	5.8	LOW	4	https://smiletutor.sg/top-10-o-level-english-tuition-centres-in-singapore-that-consistently-deliver-a1-results/	Top 10 O-Level English Tuition Centres in Singapore That ...
p3 science test papers	590	4.24	MEDIUM	4	https://smiletutor.sg/wp-content/uploads/2024/01/P3_Science_2022.pdf	P3 Science Test Paper 2022 - Singapore
podcasts in singapore	590	0.4	LOW	5	https://smiletutor.sg/top-10-educational-podcasts-in-singapore-for-learning/	Top 10 Educational Podcasts in Singapore for Learning
psle past year papers free download with answers pdf	590	1.23	MEDIUM	5	https://smiletutor.sg/free-test-papers-download/	Download Free Exam Papers and School Test ...
recommended tuition centre in singapore	590	5.92	MEDIUM	1	https://smiletutor.sg/top-10-psle-tuition-centres-in-singapore-that-parents-trust-most/	Top 10 PSLE Tuition Centres in Singapore That Parents ...
secondary 1 maths	590	3.59	MEDIUM	5	https://smiletutor.sg/wp-content/uploads/2019/02/Sec1_Math_2017.pdf	Sec 1 Express
sg tuition assignments	590	1.05	MEDIUM	2	https://smiletutor.sg/tuition-assignments/	Tuition Assignments in Singapore | Apply For Tuition Jobs
singapore best tuition centre	590	5.92	MEDIUM	4	https://smiletutor.sg/top-10-psle-tuition-centres-in-singapore-that-parents-trust-most/	Top 10 PSLE Tuition Centres in Singapore That Parents ...
start tuition	590	0.64	MEDIUM	5	https://smiletutor.sg/	SmileTutor: #1 Trusted Home Tuition Agency in Singapore
tuition assignment sg	590	1.05	MEDIUM	3	https://smiletutor.sg/tuition-assignments/	Tuition Assignments in Singapore | Apply For Tuition Jobs
tuition assignments sg	590	1.05	MEDIUM	1	https://smiletutor.sg/tuition-assignments/	Tuition Assignments in Singapore | Apply For Tuition Jobs
tuition assignments singapore	590	1.05	MEDIUM	1	https://smiletutor.sg/tuition-assignments/	Tuition Assignments in Singapore | Apply For Tuition Jobs
tuition singapore assignments	590	1.05	MEDIUM	1	https://smiletutor.sg/tuition-assignments/	Tuition Assignments in Singapore | Apply For Tuition Jobs
exam papers primary	480	2.52	MEDIUM	4	https://smiletutor.sg/free-test-papers-download/primary-school-exam-papers/	Free Test Papers: Download Primary School Exam ...
h2 econs tuition	480	4.83	LOW	4	https://smiletutor.sg/top-8-h2-economics-tuition-centres-in-singapore/	Top 8 H2 Economics Tuition Centres in Singapore
math notes	480	1.57	LOW	3	https://smiletutor.sg/wp-content/uploads/2020/11/Maths-Revision-Notes.pdf	PSLE Maths Revision Notes
maths notes	480	1.57	LOW	2	https://smiletutor.sg/wp-content/uploads/2020/11/Maths-Revision-Notes.pdf	PSLE Maths Revision Notes
memorising	480		LOW	2	https://smiletutor.sg/understanding-vs-memorising/	Understanding vs Memorising
online tuition	480	7.14	LOW	1	https://smiletutor.sg/online-tuition-singapore/	Online Tuition - Engage 1-1 Online Tutors Starting from $20/h
p4 english exam paper	480	2.96	MEDIUM	4	https://smiletutor.sg/wp-content/uploads/2024/01/P4_English_2022.pdf	primary 4 english test papers
p4 english exam papers	480	2.96	MEDIUM	4	https://smiletutor.sg/wp-content/uploads/2024/01/P4_English_2022.pdf	primary 4 english test papers
p4 english test papers	480	2.96	MEDIUM	3	https://smiletutor.sg/wp-content/uploads/2024/01/P4_English_2022.pdf	primary 4 english test papers
poa tuition	480	4.46	MEDIUM	2	https://smiletutor.sg/poa-tuition/	POA Tuition Singapore | Top POA Tutors for O & N Levels
primary 4 math exam paper	480	3.27	MEDIUM	5	https://smiletutor.sg/wp-content/uploads/2024/01/P4_Math_2022.pdf	primary 4 math test papers
psle math	480	2.27	MEDIUM	4	https://smiletutor.sg/wp-content/uploads/2020/11/Maths-Revision-Notes.pdf	PSLE Maths Revision Notes
sec 1 math exam papers	480	3.68	MEDIUM	5	https://smiletutor.sg/wp-content/uploads/2019/02/Sec1_Math_2017.pdf	Sec 1 Express
sec 1 science exam papers	480	2.96	MEDIUM	1	https://smiletutor.sg/wp-content/uploads/2021/05/Sec-1-Science-2018.pdf	Sec-1-Science-2018.pdf - Singapore
sec 4 math tuition	480	13.29	LOW	5	https://smiletutor.sg/maths-tuition/	Maths Tuition Singapore | Primary, Secondary, JC ...
secondary 1 math exam papers	480	3.68	MEDIUM	5	https://smiletutor.sg/wp-content/uploads/2019/02/Sec1_Math_2017.pdf	Sec 1 Express
secondary 1 maths exam papers	480	3.68	MEDIUM	5	https://smiletutor.sg/wp-content/uploads/2019/02/Sec1_Math_2017.pdf	Sec 1 Express
secondary 1 science exam papers	480	2.96	MEDIUM	2	https://smiletutor.sg/wp-content/uploads/2021/05/Sec-1-Science-2018.pdf	Sec-1-Science-2018.pdf - Singapore
secondary 1 science test papers	480	2.96	MEDIUM	2	https://smiletutor.sg/wp-content/uploads/2021/05/Sec-1-Science-2018.pdf	Sec-1-Science-2018.pdf - Singapore
sg tutor	480	7.86	HIGH	2	https://smiletutor.sg/	SmileTutor: #1 Trusted Home Tuition Agency in Singapore
tutor singapore	480	7.86	HIGH	1	https://smiletutor.sg/	SmileTutor: #1 Trusted Home Tuition Agency in Singapore
tutoring in singapore	480	7.86	HIGH	1	https://smiletutor.sg/	SmileTutor: #1 Trusted Home Tuition Agency in Singapore
tutoring singapore	480	7.86	HIGH	1	https://smiletutor.sg/	SmileTutor: #1 Trusted Home Tuition Agency in Singapore
tutors sg	480	7.86	HIGH	1	https://smiletutor.sg/	SmileTutor: #1 Trusted Home Tuition Agency in Singapore
university tuition singapore	480	3.63	LOW	4	https://smiletutor.sg/top-8-university-tuition-options-in-singapore-for-undergraduates-who-need-extra-support/	Top 8 University Tuition Options in Singapore for ...
a level economics tuition	390	7.58	LOW	5	https://smiletutor.sg/top-10-a-level-economics-tuition-centres-in-singapore/	Top 10 A Level Economics Tuition Centres in Singapore
a level econs tuition	390	7.58	LOW	3	https://smiletutor.sg/top-10-a-level-economics-tuition-centres-in-singapore/	Top 10 A Level Economics Tuition Centres in Singapore
